id,days,mature,views,partner,new_id,username
44891403,1943,False,929459,True,1706,copaamerica_pt2
61180621,1633,False,11194,False,1273,simbaxp2
145109685,632,False,2850,False,313,canalkeldek
122121521,906,True,3422,False,1570,tidalto
189445819,267,False,71,False,800,chechelexg
181817228,332,True,11310,False,1869,carecaaovivo
110511642,1021,True,6929,False,722,ikayoms
59876145,1655,False,4156,False,367,367
39174484,2102,True,117902,False,150,carletofrommars
62133251,1622,True,5950,False,474,filamsj
35923742,2230,False,3759,False,856,gtlnferno
45717905,1912,False,3168,False,1144,zemesswk
144541383,638,True,5205,False,810,roja0k
153976112,540,True,36383,False,1569,haup
36718509,2164,False,5182,False,939,lumeniano
51764317,1789,True,1636,False,1466,1466
39795492,2082,False,7070233,True,1311,davyjones
74354006,1440,True,22520,False,1589,okelvinsousa
145666995,618,False,1649,False,434,kvadas
146712223,616,False,8307,False,788,macacorobo
156144245,523,False,16534,False,278,jotaza
113014442,908,False,1299,False,791,sdscroll
103748544,1103,False,2467726,True,777,ramire7z
27962080,2442,False,676704,True,1367,livedojoni
9471215,3224,False,4725,False,580,sayan3
120711952,920,True,14062,False,1322,ufosgames
94859795,1200,False,14716,False,237,cassiothird
43650130,1963,False,3010,False,1461,biribaldotv
144442731,640,True,50079,False,638,toquinhaman
163079780,463,True,76754,False,764,sdesebola
44304795,1957,True,761878,True,1148,rohgadioli
31633655,2300,False,21103,False,113,camisanocontrole
100084972,1148,False,46751,False,1535,forcexds
31071597,2318,False,3179,False,1602,harnock
58835247,1673,False,25976,False,134,epicdarkk
145482658,629,True,14962,False,426,tuskha
66021588,1555,False,25775,False,584,tudoculpadofabio
55969277,1714,False,167389,True,1057,chratosgameplay
124789454,874,True,17695,False,324,bersekerplays
42288341,2005,False,1550,False,572,ichiiii
42642296,2001,False,564235,True,1348,muuhpro
81507358,1349,True,81894,False,489,489
142947067,654,True,35812,False,214,silviolosantos
37357735,2168,True,8246,False,463,eledrien_fangorn
51873588,1759,False,445,False,871,luizfrodo
141929085,668,True,238891,True,1236,imli
157739465,507,True,52120,False,1166,dekomaia
172101488,408,True,7948,False,1852,escudero_sp
75376601,1425,True,3705,False,963,yur4oon
31187787,2316,False,6063283,True,382,hotform
170184214,422,False,6399,False,1682,lukestrm
39797588,2075,True,3083,False,387,mardittu
64825943,1574,False,36686,False,1225,edu207
89726585,1262,False,3008,False,1730,fns1
28579002,2418,False,7309842,True,557,cellbit
37990315,2145,True,3885,False,307,fezudu
44327251,1956,True,13366,False,149,curtojogos
157150538,504,True,1615,False,1582,schmutzpaulo
35109670,2242,False,2586,False,1312,tgbthiago
211223764,129,False,358,False,571,btttwitchtv
136350301,737,False,9135,False,1230,1230
47467269,1868,False,3224,False,1296,dougdodonas
28046945,2412,False,19889,False,761,pagex
119748340,931,False,4843,False,835,guzzfps
74568835,1423,False,386,False,527,dunkhoop
39008069,2108,False,7258,False,885,lockheart_93
69204485,1516,False,32641,False,1193,godzamy
13306939,3035,True,325207,True,1121,jaggerzor
79809308,1367,True,409417,True,1304,showlianatv
131902004,792,False,4710,False,1211,gamer_mombr
118717375,941,True,17822,False,1385,pontstv
67271750,1539,True,28802,False,1154,pequenajacky
26461261,2507,False,112448,True,502,phoenixbr
59258472,1505,False,344,False,770,davenadave
124667314,875,True,3589774,True,669,esquadraomav
138437340,711,False,9339,False,327,327
36023565,2225,False,75878,False,1552,1552
170649368,417,False,3016,False,854,killaboysz
52569422,1775,False,325297,True,624,624
122747274,899,True,124347,True,1104,shuwie
127983549,823,False,766,False,1727,spaacer
77853016,1388,True,107085,True,153,vikingofsouth
137453501,723,False,2087,False,1886,wall5k
40490651,2052,False,2814,False,931,yakuzaliquid
81754667,1346,True,13424,False,1208,sambss
71719786,1475,False,3094,False,1342,brlimax
62981706,1601,False,19634,False,675,marselottv
52614128,1774,False,11392773,True,467,thedarkness
112302950,1003,True,14619,False,1340,sallitz
158802171,497,True,8455,False,114,jogador_trintao
36791444,2189,False,703,False,536,beckzss
93199914,1220,True,15442,False,1692,notvsbc
62806816,1596,True,46121,False,1308,tryhardaronm
69203381,1509,True,1408,False,671,xescorleonex
46620052,1904,False,1855,False,1618,legiralle
54446483,1741,False,11859,False,1145,guigui44
49790045,1826,False,905,False,96,valeapenajogardenovo
77304462,1392,False,5638,False,295,glauciamss
52304703,1563,False,275,False,405,battousaijgr
53374065,1761,False,239456,True,1477,thorasgardiano
147610788,607,False,2104,False,1503,pauloenryk1313
64327411,1581,False,1614575,True,1787,reeh
113930726,990,False,61940,False,215,peashrek
52673255,1772,True,3338,False,1285,onzeustv
44473765,1950,True,480,False,1626,the_gabriotti
41039652,2038,False,10690,False,1279,mesquiitajr
132454750,780,False,276,False,1117,gameplaydoboy
61445872,1633,False,21947,False,832,mechello123
27547571,2458,False,8685,False,942,saikoyg
45744910,1923,True,12278,False,352,tatsumazaplays
29121166,2398,False,1895964,True,1245,f0reverfps
155373745,528,False,1726,False,83,nxfalcon
190040671,224,False,2010,False,1231,ouhenry
80914106,1356,True,12297,False,1800,bielgeek
140075551,675,False,2999,False,1515,buddhaarqueiro
120848334,922,True,28026,False,1896,dorikachan
79126160,1374,False,13768,False,1743,gspa
175296678,382,False,385,False,79,drigs14
146583466,614,False,1643,False,1015,madtaito
93339229,1218,True,393579,True,1720,breitnerro
146913584,606,False,4146,False,1097,apenas_um_noobbr
162248918,469,True,15033,False,1063,ihisck
134156808,760,False,700,False,232,daniel_kisaragi
42390193,2007,False,4697,False,310,johnratoloko
48906781,1854,False,181047,True,241,241
27255072,2471,False,2163211,True,1423,victorludgero
44848796,1943,False,2289,False,786,kalyhtanna
72430660,1464,True,2703,False,500,krigo2
142082665,665,False,1780,False,272,demonkey
33195858,2251,True,79248,False,1414,penperoni
114671415,983,False,6306,False,1822,getnewtv
169684381,423,False,230,False,1623,mikael_weiss
130811196,783,True,1220,False,616,hirobehero
30671036,2336,True,126339,True,88,luizmiguel
118688959,934,True,2714,False,808,nevocas
136447686,735,True,270479,True,809,eguinorante
54970870,1732,False,1875392,True,1185,furious
70568957,1499,False,816,False,1419,neryerick
32051540,2284,True,5508,False,56,kaapirotto
135034959,753,True,164098,True,1012,hill
44744932,1945,True,1077945,True,106,ogrozera
59053226,1609,False,8402,False,550,ordinalmayke
27279394,2465,False,1134,False,17,trgvash
133471547,767,True,713,False,1574,isawchann
40917888,2044,True,1995,False,1352,scoobyzera
182461227,327,False,893,False,365,srtimebomb
103208745,1110,False,8100,False,1878,boni_x
54088057,1739,True,1116,False,167,scaduk
62554112,1601,False,475,False,0,patrick_cruz
152499800,553,False,1151,False,755,755
115606755,973,True,219287,True,577,sirgank
68528069,1513,False,979,False,757,guilook
216933396,149,False,859,False,481,brunogalvaodefreitas
144942129,630,True,2246,False,495,495
149105878,578,False,2797,False,1526,oedyplayon
63759707,1582,False,21767,False,631,seppzao
101740076,1114,False,519,False,1500,1500
131588129,796,True,5387,False,16,megamanerim
161669714,473,False,64843,False,264,psychokiller_
87418884,1288,False,6302,False,981,christiankayser
134815256,756,False,4318,False,1683,necromanccerprod
113415866,995,False,659962,False,799,799
74443587,1437,True,6004,False,1325,1jovemtr00
52836225,1769,True,11008,False,1548,1548
136316418,719,False,5201,False,478,xvelhobarreirox
133708772,771,True,11552,False,1411,dlzer0_tv
55652422,1719,False,11897,False,183,183
141870980,618,False,1378,False,917,barrabruno
175520886,381,False,31888,True,1480,rpgtv
5115151,3489,True,220906,True,1554,thorrace
36617461,2194,False,4762,False,1638,galaxylovely
72808965,1457,False,3392,False,1435,seifff
139544831,674,False,13773,False,1075,axorfps
48404219,1868,False,35183,False,839,sehenth
38715498,2119,False,27282,False,57,kirazitu
35957024,2229,True,10016,False,850,shadowripperx
94007042,1204,False,7147,False,1797,canaleclypse
32287898,2275,False,1834,False,1498,clane_k
88992240,1272,False,1768,False,1241,abacagi
142851193,656,False,5832,False,1483,shootdowntv
45109269,1937,False,37808,False,65,agenteplayer1
168572333,370,True,2301,False,1418,vltbrto
177607566,362,False,4976,False,416,galinho
115572043,973,True,4627,False,1583,epic_drama
125377106,866,False,36449,False,1223,brunochross
145544416,628,False,18348,False,576,nightwolf_sp
32857058,2245,False,98242,False,1410,nvnpaladino
36962047,2187,False,32850,False,1794,eu_metalslug
135517657,745,False,3343,False,692,fabriciokaz
54766286,1729,False,783,False,1274,vaurek97
28526571,2420,False,1099861,True,973,zerobadass
59016731,1652,False,12721,False,723,jatemputz
62773221,1608,True,25527,False,1841,jacksemlive
108712569,1043,True,2831,False,281,natoe_gamer
67773433,1534,True,2595197,True,471,patife
123513664,890,False,1445,False,1728,tripasecanatalrn
8232880,3313,False,5098,False,1881,fominhavideo
46816676,1879,False,16798,False,1625,sanrobr
73089313,1458,False,5350,False,128,linksjam
112418375,996,False,3548,False,1709,aulasdobul
48352280,1858,False,1805,False,1037,joao_ferrari
20010480,2780,False,322785,True,1525,1525
182264978,326,False,3002,False,534,zenothartv
108930099,1040,False,2213590,True,496,brat
63638154,1592,True,3341,False,1244,miocross
133575871,773,False,2231,False,1484,gustavo_gdeatsh
95544915,1185,False,21670,False,1539,agatacris_
32967520,2252,True,3490782,True,1337,cogumelando
85502889,1303,True,1272,False,1373,newslnside
44389881,1952,True,11635,False,706,acarajeplays
47702337,1882,True,20742,False,139,dunoxx
59124030,1670,True,194061,True,1105,abbadammit
148112773,598,False,25060,False,650,science_man
158774381,497,True,17171,False,517,vitzerai
98891437,1158,False,115588,True,794,guillescalfi
111108189,1016,False,27088,False,249,gabemoura
105059573,1083,False,20934,False,583,tlesgamesoficial
43926167,1792,False,2955,False,297,297
39641305,2072,False,8211,False,100,100
9680367,3193,True,15566,False,1884,lamg
24631685,2592,True,4841,False,1138,punibr
100181715,1134,False,2689,False,226,tolottifps
30836546,2329,True,6291,False,883,magristv
37725068,2154,False,1821,False,414,riquinhuwlive
177153946,368,False,6764,False,1585,loiscabrito
99842576,1129,True,1764,False,1801,clovao
88669866,1275,True,6722,False,1756,snowlzin_
74342540,1390,False,7094,False,68,yuriseven
37261457,2123,False,15900,False,397,marcusleonhart
115567666,971,True,1761,False,1444,sumikachann
54937110,1733,False,346748,True,720,player100regras
48775696,1852,False,3958,False,1469,leomigueis
48236304,1871,True,22212,False,851,feelipeks
50819475,1804,False,2463,False,177,o_solid
43111927,1980,True,2970,False,705,zehpeqno
128651807,820,False,19480,False,242,ygorlaw
115925299,970,False,10499,False,135,kelebh
77477247,1393,False,161302,True,784,bellapierini_
120160350,927,True,9115,False,51,bruno93
165491655,451,False,1467,False,444,atumzueru
66046629,1555,True,3505,False,1254,rcdutra
52826507,1739,False,1429848,True,173,xadftw
145378248,627,False,6484,False,450,450
105698289,884,False,525,False,934,canal_do_lobo
128473854,831,False,86493,False,1291,strikkertv
156184080,521,True,8651,False,1678,jasniewski
94221255,1208,True,12098,False,792,let0h
98871095,1158,False,9277,False,874,riopretoign
149334366,588,False,10952,False,1000,quackclube
153970165,540,False,81362,True,704,leokplayer
63193885,1600,True,33269,False,1861,rizakh
59818845,1657,False,2878,False,393,gamer_insano
52324285,1717,False,2469,False,947,toniropa
129703474,818,True,3987,False,1698,negrescaoo
102286811,1123,True,26484,False,363,vigiabr
89162189,1255,False,837,False,203,diego_1986_
85450630,1306,False,1273,False,1863,allandiegosc
106690387,1067,False,7910298,True,893,ness
128296791,832,True,59890,False,895,anaskudy
39458656,2092,False,56394,False,898,idunnnn
71826696,1480,False,1674,False,1697,dellmafia
85228604,1308,True,10089,False,1448,rickvdd
40164316,2046,False,1542,False,1405,djlordvincent
138817578,694,False,3791,False,771,arkivo
14331981,2991,False,225106,True,204,ryoran
139429041,695,False,13804,False,551,captain250kg
134042970,767,True,38743,False,630,britoonlin3
31887528,2284,False,9889,False,80,kykogamer
61767506,1628,False,22414,False,944,gamoxkun
135153605,743,False,6192,False,951,obi_dan
99695943,1148,False,6805,False,1580,retromestre
149393735,579,True,28837,False,938,vgb1
47356620,1888,True,1357,False,1272,k5wilson
159401310,489,False,1219,False,633,cleberex
171454873,408,True,3507,False,1146,pvcordeiro
31845670,2292,True,2263,False,1565,gregoreo
157775058,478,False,429,False,569,hiperativoplay
63072946,1602,True,81412,False,1260,athenagamer
82893843,1334,True,13995,False,1429,mctrollbr
42021317,2014,False,3467,False,201,iamsansao
131939093,790,False,1066,False,1302,joeyrfs
27254938,2471,True,5342,False,76,egn_ch
49980292,1828,False,1101541,True,409,brunao_mrt
137316703,723,True,798,False,1002,smlzito
135220786,749,False,3436,False,607,abinis
193915299,255,True,10436,False,1152,kaysnows
144339774,627,False,425,False,371,tamascoo
96701247,1168,False,15090,False,1640,biohazardbh
167980388,425,False,919,False,1597,orbstein
130339417,810,True,4637,False,268,thiskanga
88022787,1234,False,6306,False,1798,teammrg
146927160,615,False,544014,True,1701,titofps1
113804636,981,False,1020,False,632,mosquitoflamejante
189841003,275,True,14014,False,1725,1acreano
135159038,738,True,5903,False,1804,petto999
155316225,529,False,68457,True,5,uauguxto
63240290,1599,False,9631,False,1020,kirestars
32647664,2262,False,14224,False,1183,godzeon
113065560,999,False,42345,False,1008,carolmacari
40858653,2051,False,1552956,True,488,velberan
5625662,3466,False,7402238,True,880,880
137945850,713,True,9852,False,340,jotavetv
57826492,1668,False,439,False,1516,afalcon_
144733916,636,False,25913,False,820,muuhliro
64131709,1584,False,1809,False,284,lukinhasbom
48393132,1868,False,4493915,True,1374,guaxinim
31749928,2295,True,404664,True,863,godzinhu
138590338,709,True,39149,True,1031,paulashiro
203524513,196,False,6597,False,1151,masterfrozzz
186077613,300,False,2028,False,1527,mrhunk
74612268,1436,True,6469,False,1561,bobysplays
87431594,1284,False,3229,False,1155,cebolexx1
45823750,1921,True,3448,False,845,tellesgeek
31032588,2322,False,14039,False,1710,cesarrobusti
180065883,345,False,3694,False,727,coltrobrr
52203144,1781,False,35175114,True,1739,gratis150ml
157536074,509,False,222867,True,1829,gilcamilotti
163118207,463,True,61079,False,1485,stacyd_
134145533,764,False,8020,False,466,punkiita
89416107,1263,False,31319,False,1191,redson2
71455554,1485,True,44268,False,415,fepinheiro
165621225,450,True,4807,False,1661,the_renegade_tv
38260385,2131,True,1510,False,475,zrxfps
148412334,597,False,7541,False,940,walkerian
53577580,1750,False,222291,True,902,romanovgamer
64988711,1566,False,3349,False,730,allefribeirov
128923053,826,True,2014,False,1633,1633
150871437,563,False,3431,False,1616,rudao
156328689,521,False,32125,False,335,bixcoithu
142662452,658,False,6263,False,1315,cesaopbard
53624789,1752,False,3657,False,1900,rkplay
208975081,181,False,1235,False,579,xnoji
182226561,328,False,18204,False,925,wes1
142041745,650,False,1097,False,1846,1846
113447138,995,False,2305,False,105,elgaboni
116188906,967,True,105116,True,827,sr_nero
36327283,2212,False,2002,False,1853,1853
191017037,264,False,444,False,41,guardionsoficial
75550610,1415,False,5095,False,1872,mochilakid
133588874,772,True,6742,False,919,garopabanha
56744242,1701,True,1618296,True,868,tiodante
104327522,1090,True,15348,False,1120,sprite_donati
69474476,1514,False,20549,False,1049,ewersontv
82669000,1330,False,186,False,1645,vinypepi
44119135,1952,False,1713,False,509,palatinik
143090621,653,True,51117,False,440,anarky3d
31712160,2297,False,432752,True,424,daniel_gallante
108585432,1042,False,15297,False,211,marmotamanca
65850561,1547,False,1344,False,1487,meninojogadeiro
95631323,1191,False,3349,False,964,mariianiinha_
104409254,1093,True,132672,True,1517,igoralmeida
4122584,3524,False,23676,False,962,rvgrapha7
171255246,412,False,3821,False,685,justamandd
133873587,769,False,3944,False,1882,binhowarz1
62337392,1617,False,89336,False,162,cesarchamma
134571619,760,True,7016,False,763,moniquefps
88888752,1264,False,477,False,667,osobreviventeitalo
67552297,1536,False,1754,False,493,oreimacaco
51461787,1794,False,49925,False,1749,shamamgames
144087595,638,True,16588,False,1545,elderbeardlol
124120869,857,True,613,False,1814,ghost_sr
161301628,476,False,6328,False,525,bastanews
147496324,602,True,3577,False,1614,onossopdc
68828805,1522,False,15378,False,1737,wyanoqueen
187971687,286,False,1887,False,1022,vnsfps_
43262007,1985,False,26684,False,27,c4nts_
36024998,2225,False,14861110,True,305,gordox
89919857,1260,False,169643,True,163,163
128355245,832,False,2411,False,1375,omorte_voltou
37173579,2163,False,5133,False,1112,war_wr
173313285,345,False,611,False,1686,meembananei
154647903,534,True,37886,False,1111,taymosa
194076807,254,False,1048,False,66,czarmal
59715723,1660,True,6905465,True,67,giganterichard
3872935,3541,True,2987,False,1048,kissako
73988927,1444,True,1213,False,1323,1323
52032945,1784,True,148769,False,244,velho_p
32115632,2281,False,7378378,True,1376,tixinhadois
87016606,1291,True,14309,False,543,warr1orheroo
63846076,1579,False,30480,False,1850,onlyexpeert
83261036,1330,False,76102,False,767,miserycop
47176440,1779,False,1393,False,1875,trbr
42515146,2004,False,12721,False,1270,begolden
93250396,1216,True,1351,False,392,zulks
10786358,3141,False,216,False,739,montzo
51754692,1789,False,13714,True,807,mochilagames
58641920,1665,False,459,False,1672,willdoomxd
168855992,430,False,101387,False,1161,geek_mix
54404749,1742,True,1012,False,782,krazyminkler
68281465,1526,False,2859,False,522,davieu
47074631,1896,True,9127,False,1880,leoembroidery
45745070,1920,False,4187,False,430,maloke1
43332431,1983,False,427,False,1531,juniorhdk
70046284,1507,False,3131,False,1646,ytbiggames
32928420,2241,True,21750,False,304,tryedz
152852145,551,False,1897,False,796,duartegamestw
101152311,1108,False,521,False,740,gabrielkallahari
121805598,907,False,13510,False,370,batera03
112590794,1001,False,7914,False,1893,nappago
97026266,1176,True,33668,False,101,alvarocoelho
36760972,2171,False,1216935,True,144,kowuzotv
116891195,961,True,13193,False,1704,morcegobatma
152288016,547,False,773,False,1300,eitalaguartixa
61941704,1624,False,3048,False,953,nidh
89058243,1271,False,365845,False,1387,zaion_lol
47692619,1883,False,1136,False,442,canaldopedrao
32250950,2273,False,2519,False,1453,raphaskin
85399071,1306,False,84085,False,912,enabledisabled
119432468,934,True,36139,False,597,napajumento
38185020,2114,False,454,False,1003,maxxduarte
45126887,1937,False,3189,False,578,darthvalter
59863075,1657,False,1959,False,18,phsenee
43898163,1964,True,6406,False,611,muurfy
221142371,155,True,2730,False,1596,play100dedo
163126737,459,True,14198,False,1651,evert0nchaves
132035115,791,True,13586,False,247,247
128186272,833,False,3681,False,929,deripe1
90908877,1246,False,7910,False,1058,hobbitperes
172934096,403,True,42082,False,448,republicaoldgamer
192215591,263,False,2695,False,1206,gordinoob
203540393,214,False,1176,False,936,936
29122204,2398,False,12556,False,1750,canga
32550540,2264,False,22237,False,1177,invictusbladebld
59184277,1667,False,229,False,537,otheagah
55542500,1718,True,914,False,331,marcola_272
55698595,1718,False,810,False,1399,delessi
13010170,3047,False,7963,False,585,livebx
93538696,1216,True,134124,True,1005,1005
196265281,241,False,10903,False,619,naittodragneel
59193720,1668,False,760,False,1133,nightgameplay
135529231,744,True,38151,False,353,missaosteam
153771452,539,False,1226,False,1635,barrosfh520
104172194,1097,False,2693,False,1252,pixelquebrado
37497857,2164,False,44631,False,1421,aloisio01
50096290,1816,False,2766,False,1046,gamesbks
104184899,1097,True,20338,False,1641,pinkyglock
71385826,1486,False,4585,False,330,jaspionzera_
71962955,1476,False,2427,False,146,perilouspeanut
163153235,463,True,5618,False,626,varoesdeguerra
136810509,731,True,8020,False,9,canaldobody
171841837,404,True,911,False,1095,thetoos_
98601563,1161,True,11451,False,1229,mirageiw
102554915,1119,True,2356,False,1563,jotahoficial
102357104,1090,False,315,False,1024,mfraga98
62729963,1599,False,9706,False,1784,matusalemgamer
43135074,1988,True,10984,False,54,macuckinho
91418864,1241,False,2872,False,111,willost007
52203384,1781,False,38543,False,1855,koeguss
156588072,517,False,6303,False,995,indroidi
68618010,1520,True,2695,False,855,furiano_tv
57878679,1667,False,5339,False,1040,dr_foxm
113104255,998,True,13644,False,648,saltbang
34103195,2247,True,3176,False,1876,joconil
29932785,2361,False,7829,False,1538,arthureldo
61375784,1634,False,123383,False,605,605
42710611,2000,True,412,False,752,bksbinho
58054964,1685,True,5196,False,1100,nathacsa
151154560,569,False,12315,False,1860,logueslive
166019196,448,False,101828,True,64,brunorataque
42561125,2002,False,4659,False,1722,controlv
73351206,1451,True,8728,False,21,chrysnightstalker
149453643,587,False,17467,False,1329,nerdlandiagames
165133970,445,False,1073,False,1745,jarvis_rj
28010462,2441,False,7821,False,966,leooramos
39651423,2085,True,15364,False,254,mudinhojr_
82348767,1339,True,22778,False,138,carlaitbr
92120180,1202,True,340,False,521,val_101
63228604,1599,False,183699,False,1265,raven4
41026374,2022,False,1364,False,378,diguich
164640196,455,False,20431,False,1599,satirgamer
37705807,2157,True,451410,True,212,smzinho
27438453,2458,False,5332,False,1607,biicl
141693367,663,True,1873,False,194,jeffin9
21416232,2750,False,1362,False,1759,onizudo
41323680,2038,True,800768,True,1386,benditovicio
128668633,817,False,248,False,451,emejotatv
118244152,943,True,13810,False,368,vicaommo
20242278,2804,True,193193,False,1845,1845
198473803,218,False,847,False,1010,johnceara
117554833,954,True,2275,False,1744,zthedogg
127851887,835,True,5573,False,1604,1604
49826374,1005,True,540,False,1218,gameoramablog
120377274,926,False,8210,False,1430,foxszera
44995846,1940,False,38713,False,590,nefo_tv
36893139,2181,False,7044,False,208,estragaonofre
159847611,488,True,13556,False,1470,sherran
185479419,269,False,487,False,695,zjaotj
106121519,1073,False,29475,False,1096,dk_happy
42348215,2009,True,192988,False,1762,imohivel
89041039,1271,True,81359,False,391,carolbranco
69691707,1509,False,434470,False,900,marcolla666
13365493,3027,True,2434,False,112,112
125137947,794,False,963,False,486,ronijrs
116027020,968,False,9775,False,1740,1740
40810615,2020,True,665,False,1027,agylittyz
107812821,1051,True,57266,True,439,axcse
64433578,1580,True,32842,False,1630,xuliawr
128692372,825,False,4428,False,71,cerejadobologamer
39400880,2094,False,4290,False,243,icaromilhas
59506222,1630,False,779,False,1696,sdzephy
135099128,752,True,22050,False,339,periel
54238777,1745,True,1372,False,1702,trcgameplay
164742713,409,False,116,False,741,maruchan0821
117671197,951,True,114507,False,601,criador_de_saci
94959349,1198,False,38244,False,836,uhead1
136436471,735,False,11360,False,958,tchuneyx
22827655,2684,True,16419,False,289,jbtom321
168058934,434,False,195379,True,26,livesdorik
174499585,390,True,13999,False,842,kalvao
152134619,558,True,4530,False,453,curimtb
97142273,1175,False,17778,False,708,708
62855440,1601,False,3006,False,1083,gcpasqua
135718784,737,True,2210,False,914,shouldereyes
83421398,1324,True,16907,False,589,ysaamantini
185476921,297,False,1399,False,876,rafa_gamersimuladores
48764758,1858,True,268840,True,1524,marginauz
149157933,590,False,19426,False,997,vivihyun
68795724,1522,True,2145,False,1584,victorcrazylife
62772720,1608,False,230299,False,98,cazum8videos
109038301,1039,True,1656587,True,1280,thomezord
20572303,2792,False,4320387,True,1036,gruntartv
47955648,1876,True,37678,False,1767,labelieze
145861886,626,True,1159,False,1542,neurolinkdemon
80438460,1360,True,14483,False,559,stitibilk
130291976,811,False,10095,False,1079,ace_k8
55496218,1715,False,159,False,542,dethsyth
116695967,963,True,16771,False,423,galeanoplay
124910959,871,False,1693,False,336,tonzera_on
179466967,349,True,10723,False,325,renato_renight
47179108,1890,True,1681,False,636,gustavoms14
161354611,475,False,80048,False,399,totodile_96
9181799,3250,False,613103,True,1232,hellequinm
32143515,2279,False,64003,True,1043,harden
43762164,1968,True,8806,False,224,alowne_
41646050,2029,False,3096,False,968,crazysoap02
140389609,682,False,487,False,1534,willian4998
118164666,929,True,1613,False,1514,gugapires77
101926815,1127,False,2485038,True,928,nanda
101789443,1129,True,11512,False,1401,davidgalego
175835821,378,False,171270,True,1258,uigor3k
154877961,532,True,31551,False,6,rabiscoart
75237515,1425,True,86054,False,376,ltmelok
23961491,2606,False,3679,False,1873,sohay0
73455299,1453,False,3575365,True,806,tifubrasil
97521226,1170,False,9236,False,1134,stefaniiack
153164666,548,True,5508,False,1349,andyhitsuplay
35693133,2239,True,55815,False,261,keel_out
79729084,1368,False,205261,False,197,johndyne
35790162,2233,True,69584,False,1586,raindropdry
202105266,218,False,5522,False,191,191
96004524,1129,False,585,False,1156,trottinha1
74035913,1443,False,6918,False,321,kooorosu
150177333,575,False,869,False,768,768
51005853,1805,True,2599,False,1149,igorkiya
97815159,1164,False,740,False,1235,alex_myballzz
145056831,626,True,1498,False,498,madpana
170836977,415,False,16934,False,468,robertorcj
37073536,2181,True,77846,False,285,hiruma_afonso
60502967,1640,False,4224,False,750,xbilax
172468287,403,False,2426,False,1004,otaldomarcosh
45426310,1927,False,12542,False,780,dezoncio
70525088,1500,True,28789,False,78,rax_tv
45837892,1921,True,16284,False,477,kenzoyagamii
92520703,1228,False,1642544,True,116,alienigena404
89988634,1234,False,124,False,1684,1684
191249555,262,False,499,False,1495,1495
193308409,251,False,1364,False,837,ichorplay
163190862,457,False,273,False,1181,erycovsk
83419077,1328,False,5264,False,1890,jean007jim
172544091,392,True,3587,False,49,yuukki
64697702,1575,True,336608,True,637,cojagamer
60164130,1650,False,47422,True,95,catspajama
210986330,193,False,5386,False,303,gunfightshow
155400107,462,False,402,False,1895,canaldofimdomundo
159439649,489,False,824,False,1309,reiss1
151127455,570,False,9484,False,196,zayn_d
69979937,1508,True,113191,False,1811,1811
57287817,1695,False,756,False,531,leandrochiarello
79975608,1361,True,3477,False,555,selenagomezs2
49072463,1849,True,1585,False,1113,guidettmer
46970416,1891,False,1568,False,735,ryuuthebloody
178929191,354,False,3689,False,1691,leitao1
160445113,455,False,4208,False,314,314
114819543,980,False,897,False,210,pipocatomica
36264712,2215,False,7724802,True,1297,silviosantosdocs
22458471,2705,False,331220,True,55,lordmons
58237229,1682,False,6402,False,133,belenva
180500799,342,True,12664,False,1106,erikones
96741097,1179,True,104477,True,1132,1132
101936524,1127,True,2369,False,1615,cellotv_
148014829,597,False,1210,False,829,governodoamazonas
56101151,1697,False,401,False,1087,lordpizzo
87608219,1285,False,2442,False,1365,ascmengao
145302661,630,True,23437,False,528,gamenoobbr
30672329,2336,False,7163779,True,682,felps
39108980,2095,False,661,False,164,zylladys
124747345,874,True,3786,False,1713,maheltk
7793974,3343,True,1395,False,1573,rato_ch
110217475,1021,False,6012,False,1076,temidao
103381655,1096,False,1450,False,1247,lumielbr
111666363,1012,False,1432,False,558,newrafulsks
27680990,2454,False,40456102,True,103,yetz
114090937,983,False,815,False,438,mada_41
31000876,2321,False,7025,False,1347,augustotitan
58930039,1672,True,145633,False,402,cnrgamer
123882753,811,True,28,False,1544,vagabondhq
136988012,728,False,3455,False,639,k1ss_tv
50412921,1817,False,2979,False,1610,sirarthur_
144950199,634,True,4666,False,437,kimmyartemis
142443681,659,False,5334,False,545,roleplayingg4m3r
42648984,2001,False,1621644,True,656,marginal
106355832,1066,False,942,False,1482,dagnoni
86606583,1295,True,11209,False,338,buga_fps
120246770,926,False,7418,False,222,doncinhaa
37462585,2166,False,2704,False,253,revhavoc
138001097,716,True,9865,False,1269,cavalamanca
38245892,1596,False,876,False,710,zerocris01
40750226,2026,True,4534,False,1494,v3n0mg4m3r
77305890,1394,False,2717,False,992,992
147670675,606,True,20842,False,908,ggsocialite
39975286,2078,True,293218,True,1131,brookz_
115959487,970,False,5564,False,803,andersonrico
158228971,502,False,1018,False,218,soygabes
140159167,688,True,1742,False,1055,n_valerio
26454094,2476,False,2504,False,1011,paulovitorredfield
90655589,1230,False,451,False,1339,1339
36160171,2219,False,6598843,True,306,zemerson
69251571,1511,False,2786,False,223,poneibr
159237071,492,False,1261,False,447,marretapretacwb
162049212,470,True,16732,False,1473,nillfps
35915632,2231,False,174686,True,905,mahvalente
45028330,1917,False,2940,False,239,leandro_hartzz
65211109,1540,False,210,False,1284,1284
68254771,1490,False,1884,False,1445,1445
135937778,741,False,20300,False,1786,pkndaddy
169908381,424,False,4816,False,1044,jehnovaff
61350775,1635,True,614,False,566,doddao2k
40748754,2055,False,536548,True,814,carlinhostroll
165843333,449,False,3760,False,171,171
97932012,1137,False,625,False,334,fernando_gotz
43298651,1939,True,4163,False,1838,innuendo_df
167551287,413,False,1482,False,136,hunteroncetv
55783064,1714,False,6968,False,1747,punkjoww
133053403,754,False,1837,False,860,conectplay
171618154,410,False,9043,False,1848,camarguera_
185808784,302,False,5670,False,922,darkpapaa
39918568,2079,True,31130,False,1412,dragoprime
149599339,581,False,719,False,516,lokonexrj
172027283,409,False,7389,False,1617,dutrawd
92323261,1224,False,1997,False,1636,ustylus
55565489,1721,True,1671386,True,1666,lemonoob
42675672,1998,False,1276,False,1654,paraibano95
44600592,1950,True,1426256,True,1555,evzgames
52376807,1778,False,52049,True,1600,1600
24661577,2591,False,15660,False,1799,dourado
36772976,2195,False,18475754,True,1476,tecnosh
101771196,1130,False,100489,True,946,dimas
140164103,677,False,503,False,1425,dark_sepultura
93725446,1214,False,19553,False,346,346
25478709,2554,True,153872,False,738,salsatheone
178226948,359,False,29075,False,1200,1200
85694822,1302,True,1202,False,1123,asnok_
32425639,2266,True,3708,False,790,fabionakamura
31882470,2290,False,1357473,True,1533,monarkon
121274864,916,False,2698,False,221,chinchilagamer
42350999,2010,True,25578,False,1090,samuraigamess
163870833,459,True,10794,False,1025,1025
21711840,2719,False,22914,False,1409,samgamgi
94381006,1206,False,210397,True,446,calibrelordal
32714634,2259,False,2220778,True,1867,pvplab
39584984,2075,False,14701,False,1556,tiodatte
93864677,1212,False,72065,True,332,mano_imp
102786914,1116,False,672045,True,899,cooruja
6705218,3409,False,441,False,32,fabexo
108356444,1048,False,4057,False,1907,dnplayss
174719211,386,False,2050,False,108,ysgramirtv
183580825,318,True,12543,False,1041,hartfps
218685832,160,False,328,False,172,172
146195279,622,False,15990,False,383,the_rith
163765960,458,False,2279,False,1769,ixcaifau
170294097,421,True,4277,False,1332,tavernadogrilo
70798276,1495,False,150184,True,1388,teddzin
96390955,1166,False,802,False,1294,0kazehaya
38762436,2116,False,2450,False,950,shadowalex92
37528446,2164,True,27179,False,406,soneka
63072622,1596,True,4848,False,1128,guixotv
31825379,2276,False,2121,False,1658,lkprod
107642142,1056,False,2258,False,1560,nbkenny
49024261,1849,False,1660562,False,1499,1499
99157461,1156,True,16934,False,1681,demons_aok
25363557,2555,False,1727,False,512,tiutrix
30638826,2337,False,75993,False,333,ehnoizquejoga
94851300,1200,False,22787,False,629,gianzao
82473723,1338,False,1101798,True,341,otiozero
80084096,1364,True,4873121,True,1486,riyuuka
70187544,1505,False,494688,True,1541,pamellaribeiro25
32358047,2120,False,3198,False,1751,mrvelhogamer
28205128,2433,False,625,False,37,pedromadethis
51225989,1793,False,539,False,126,xth4les
204041094,217,False,2934,False,1355,1misteer
132118354,790,False,13046,False,892,dunkelgotik
182471894,240,False,703,False,1547,luizinnnxt
207174480,205,False,4907,False,458,lottostv
184699312,309,False,1622,False,1158,br_darkyt
122327818,904,False,176685,False,349,sareeex
88971545,1245,False,2816,False,1084,ginsanop
84391327,1317,False,1616693,True,659,telethor
149450231,587,True,34166,False,1665,nefastomarques
134608131,759,False,1532,False,588,reruncap
143585725,648,True,11789,False,198,coquiim
99325799,1152,False,1569,False,901,rickkent
64424265,1113,False,1233,False,1110,raizogamer
55286499,1693,False,3353,False,1283,milerabr
29615128,2376,False,6097,False,484,tales_98
24265490,2609,False,52842,False,355,nehocgames
93956072,1207,False,616,False,971,evepangoro
104752503,1088,False,1657,False,644,victonn
6548150,3423,False,14195,False,1262,tiagodaru
86678711,1265,False,125,False,1512,dgaide
57700322,1690,True,165034,True,1436,tiospeedy
133536470,773,True,10844,False,117,vncsfps
142797352,653,False,1388,False,1207,balofoide
63042553,1602,False,21585,False,961,deluxgamer
75836127,1403,True,1455,False,1281,zezarainus
25926225,2502,False,3432,False,1222,gblsweet
135104605,751,True,560606,False,887,ricardosolares
114759284,979,True,4193,False,772,capivaraplayante
121490883,914,True,13031,False,1642,loo_nietupski
139279654,700,True,5706,False,1781,dahordalive
27787374,2450,False,28144,False,60,thuanepm
30487807,2332,False,3470,False,586,theogreeck
56923509,1699,False,3006,False,643,panzett1
39292668,2098,False,14222,False,1792,adams___
156385717,521,True,3693,False,193,beeak
136469029,733,True,68693,False,1205,pedrorootstv
30143576,2332,True,1334,False,505,bode009
187912072,285,False,1469,False,1478,racingsimulators
79256368,1373,False,10247,False,1314,deadsan
48586188,1863,True,1403571,True,1647,beholdertv
52221079,1781,True,218008,True,539,mozetas
191032448,269,False,3249,False,1293,rorkzofficial
116055387,969,True,18543,False,926,mavekk0
79890440,1366,True,66632,True,984,sakura
123330541,893,True,18260,False,1870,walk3rz
160019132,476,True,8448,False,316,omiudao
147564009,607,False,1445603,True,698,nahnahxd
138027417,715,False,37212,False,179,bodaotvs
145312698,628,False,7700,False,759,sobreasruas
41459009,2031,True,6482,False,1578,1578
75481673,1417,False,2117,False,259,mhmarques
59704107,1661,True,6938,False,345,sumback
142820639,655,False,3169,False,602,manecoplay
47292847,1872,False,1201,False,189,thisec
188131250,285,False,13346,False,941,trocadilho89
155328344,529,True,2450,False,1836,1836
103910659,680,False,544,False,320,maviicont
37134127,2179,True,19414,False,1818,coreyplay
68760758,1522,False,299572,True,554,554
64510125,1579,True,7135,False,1050,depl4yer
108913775,1031,False,12472,False,518,tiolivro
182813308,324,False,1119100,True,1782,heitir
66147140,1552,False,5527,False,377,377
135542137,743,True,10333,False,645,lanzinho
35647075,2241,False,11186291,True,1721,patopapao
174837256,381,True,2989,False,1676,canalplayerdois
49134271,1847,True,15855,False,1267,morang0info
170544195,419,True,893,False,256,padrejudas619
66026844,1555,False,3094236,True,1593,bunkernerd
58393005,1679,False,4024733,True,1196,calango
120260022,926,False,716,False,672,shadowbrunobr
65272275,1495,False,1332,False,1172,gordosegamers
54633213,1738,False,762060,True,342,afinco
77421535,1390,True,113484,True,1408,yonkjr
57656911,1691,True,2895472,True,751,casamentonerd
47125717,1895,True,1395081,True,1543,bagi
46803418,1788,False,2646,False,1305,newcp
199310280,222,False,3600,False,1391,kaduu007
84772361,1313,False,6388,False,712,bld_0
47886332,1878,True,8599,False,1911,little_yuuh
59972426,1656,True,353037,True,1328,manowellismar
102803187,921,False,13,False,834,danielcflopes
79135224,1368,True,32627,False,227,tavernadolord
157751602,507,True,42497,False,1099,jkoizumii
106646969,1068,True,11487,False,1634,thattooplay
27025900,2477,False,955,False,219,plisk1n88
102572833,1118,False,4717,False,362,anothernow
53376274,1757,False,416,False,595,zzlevix
68550007,1525,True,2271870,True,1608,tekozoma
171946576,404,True,623,False,262,bw86
176938831,349,False,1211,False,1832,odjoow
143381806,650,True,3504,False,608,aziojunior
59088602,1663,True,39340,False,1775,brunohes
132997179,779,True,44342,False,29,jbulaboi
157319323,511,False,11177,False,77,ileoox
35059288,2246,False,10220,False,711,golemplay
7315727,3369,False,538484,True,122,gamehall
174304337,392,False,8660,False,1460,cedilhaa
94267579,1207,False,73654,True,511,mayogax
48944949,1853,False,34428,False,872,theredhotbr
80105412,1364,False,516204,True,1350,barbiiashe
73253202,1445,False,2581,False,974,canaldovs
45258506,1933,False,92530,False,848,luiz_pirata
39730296,2079,False,1187,False,1275,fehfatboy
27286513,2470,True,1693190,True,1416,cladofi
70844010,1494,True,6641,False,1724,caosplays
45902231,1919,False,5691433,True,1142,1142
120483921,925,True,6014,False,43,henj1979
144589722,634,False,203,False,420,renewedjesus
27535961,2398,False,1390,False,1227,cngamer
128180104,827,False,850,False,1865,princessprih
134425547,745,False,284,False,1393,mestreparafina
92007221,1235,False,117062,False,1316,marviinn
40787246,1854,False,483,False,1568,joaospaniol
20576607,2769,False,2650,False,1118,srxxz
128698940,829,True,19094,False,1214,roggi_br
94320651,1206,False,6640,False,1810,lainshy
93384318,1217,True,229110,True,1733,1733
52161604,1770,True,2751,False,1842,gurulokocn
193257936,258,False,29515,False,205,tocadoscoelhos
139650160,673,False,1596,False,519,richellykobra
137295902,722,False,1039,False,991,suicidewolff
116087287,968,False,6863,False,1186,tiostreams
104959460,1085,False,4518,False,1659,faky
188044269,285,True,2622,False,464,crazydicasyt
92273157,1231,False,1285,False,1475,tucsongod
41757759,2014,False,1932,False,1449,negociantejd
141665040,671,False,7883,False,270,brendabarretobr
65522870,1561,True,519452,True,1511,kabalbinolive
116273666,953,False,1415,False,229,xshabby
61562050,1631,False,8453,False,1519,tiopes
141626897,671,True,35476,False,513,iamdevoker
77326087,1396,False,2070,False,846,guicarbone
34844857,2248,False,108200,False,86,ogold
143745891,608,False,489,False,396,matta33
42693037,2000,True,10455,False,188,renalinardi
146805263,613,False,1484,False,1717,cebolaomg
200963232,224,True,9663,False,544,leitihninho
183855828,316,False,29930,False,1277,odeusdogame
185864454,295,False,381,False,118,areka_
139527805,692,False,794,False,831,hungrynoodles
142048663,666,False,392,False,1620,pejotaplay
151067995,569,True,10250,False,1592,bibliotecaizzet
50804542,1809,False,13606,False,1346,epicgamersgroup
108993468,1039,False,243841,True,1383,0monstro
25918538,2533,False,4727,False,1455,morttinho
37681057,2103,False,1600,False,930,gamepowertv
54212837,1745,True,9459,False,1066,chora_br
155894058,522,False,2173,False,132,corasaumfofo
59468498,1661,True,10016,False,110,mbitten
37657855,2159,True,12041,False,1667,saydown
136180832,739,False,4430,False,510,sunstrid3r
79040885,1375,True,15007,False,165,pandadosgames
149764746,583,False,59673,False,1824,1824
119665497,924,False,4260,False,390,kosuzin
148314061,599,False,59396,False,957,hatsue
59947495,1657,True,4077587,True,1179,genkaku
119501406,932,False,425,False,269,269
136932800,730,False,12840,False,1639,dersito
115765050,965,True,789,False,1823,kramitsu_
135325362,747,False,1369,False,797,knightsdragons
103519137,1106,True,1988,False,425,djr61
157841998,506,False,3273,False,1220,kylepsita
63769135,1525,False,309,False,1559,lelisgames
37782392,2154,True,48116,False,403,raytvz
78252314,1383,True,16732,False,1085,kisamenideos
110883248,1018,False,4507,False,190,opacoca
64462773,1579,True,60324,False,1883,loryh
116642617,963,True,2091240,True,369,mspeekoni
110496863,1021,True,53655,False,1467,ulverina
138506665,702,True,1755,False,184,mongzera
188130601,285,False,8317,False,1790,lraydenl
26677254,2484,True,3483,False,20,bgrilo
57857887,1688,True,14346,False,1447,zaynho
37630280,2160,False,15951,False,143,elkinfps
102293102,1123,False,2464970,True,1726,cvrluz
132687277,775,False,9439,False,665,namoita
50571271,1781,False,4091,False,983,983
137510789,684,False,550,False,1862,vandochatuba
141613395,671,False,4126,False,1114,1114
118766515,931,False,830,False,1377,xhard9
86055146,1279,True,2826,False,1067,d0ubledot
100427855,1145,True,5241,False,1489,raphaelzira
124679595,871,True,5080,False,663,utalbr
64390837,1580,True,346578,True,798,zeusghostz
98388976,1163,True,7528,False,1415,cidrini
110567220,939,True,6654,False,1820,zerodux
124070842,883,False,3464,False,1382,oplaykingbr
75200086,1427,False,5547,False,754,arthedu
71338791,1487,True,78938,False,1313,camilapbr
176688834,370,False,2890,False,1768,erza1st
195297921,241,True,6054,False,286,tekashi
143058478,646,False,1956,False,733,vtrfps
32071829,2283,False,57330,False,407,vecnanoob
39334752,2096,True,150589,True,395,paulopsk1
124058080,872,False,94,False,1176,richellgr
33438924,2211,False,330,False,1521,1521
49923288,1828,False,1511,False,1857,t4tsu
95489316,1186,True,939,False,1564,ericeosjogos
31902687,2289,False,1199020,True,878,przo
145525232,621,False,82396,False,1368,1368
145618742,628,False,11428,False,873,orafasb
27049075,2430,False,22229,False,1479,msblood
62916113,1605,True,376263,True,717,focasp
101078074,1138,True,1295,False,497,thatas2doug
15357095,2957,False,3342,False,548,kirbybr
134581614,757,True,381160,True,1603,naka
63147295,1600,False,18860,False,1765,theduduzeira
146306337,622,True,4483,False,603,gamer_sacana
30425129,2341,False,4247,False,23,ketx1st
140101778,687,True,1360,False,1038,jefffzera
66953744,1541,True,3368,False,236,justbeards
184753406,308,False,3835,False,1760,tatagamerofc
112597016,1001,False,831,False,990,srgarccia
32745449,1367,False,4649,False,972,foxadas
93863297,1212,False,143991,True,1612,kombatklub
27288269,2470,False,4821,False,859,huffels
139603543,637,False,898,False,1716,nextyage
37719548,2144,False,2701,False,1668,lestaat
142821492,645,False,8798,False,1026,thibatxd
125544147,863,False,28688,False,815,vladzao_ttv
137699397,719,False,6126,False,34,iketsutv
63606906,1592,True,39231,False,63,serelepemaru
178792927,355,True,43750,False,1175,1175
71820468,1479,False,15437,False,553,actina_gamer
146961018,614,True,14925,False,282,mixzira
90124248,1235,False,140,False,1901,mano_goku
180768193,339,True,13634,False,1806,rodcamp
187607970,289,False,9655,False,684,684
70359361,1502,False,6478,False,1107,bluslider
28001910,2439,False,1227,False,774,arikaa
62671322,1603,True,3898,False,1174,donmedinarj
133161411,750,False,882,False,200,ti0cl
22796068,2685,False,46538,False,861,dabanditbr
42166629,1992,False,8310,False,1122,biotartaruga
59365976,1665,True,89302,True,1226,roxy_rose
38676033,2119,True,10326,False,744,presuntinh0
53329459,1761,False,261830,True,1699,revo1tzgg
53044929,1757,False,3193,False,1032,sr_polanguinho
47274250,1870,False,1823,False,1080,coordenadorj
161899399,466,True,11878,False,411,devontrack
89423075,1266,False,1634,False,1587,yagamichin
45357448,1930,True,3900,False,1139,m4gr3l0_
49030120,1846,False,1602,False,461,sakohx
99384800,1153,False,1887,False,374,sharivanx
40299997,2062,False,3916,False,1655,leandrom90
26857029,2490,False,40659090,True,1320,hastad
62589422,1611,True,87,False,1182,vettorazzo
139660986,695,True,21574,False,1764,xoloflomps
40803609,2050,False,3465,False,1558,thiagosannches
77546790,1392,True,41470,False,604,604
191697728,266,False,129535,False,373,presidatv
67986708,1521,True,5054,False,410,erickesser
96299683,1184,False,1664,False,1253,karyne_b
104007976,1084,False,4588,False,1092,doutorsalazar
150993985,571,False,4383,False,1450,stiinck
109065401,1037,False,749,False,556,berggory
61100141,1638,False,1372343,True,59,larihmage
105820565,1077,True,7911,False,178,unclegarcia
125878223,860,False,9828,False,1897,1897
54092719,1720,False,1399,False,431,sembits
27278234,2469,False,6949,False,1364,juliocf
53004393,1766,False,2107,False,1023,canaldohollow
98047724,1151,True,85612,False,1140,shuktv
43806018,1970,False,20101,True,1579,massivolive
33699502,2246,False,2812,False,795,rotciv__
42329039,1980,False,3775,False,159,diljf
189421637,278,True,1697,False,1007,lealzerah
63545943,1594,True,106183,False,267,tiochicosep
102163520,1124,False,10176,False,499,quinhoness
172462847,405,True,4414,False,343,343
101270135,1136,False,6224,False,279,kafeverso
38565598,2125,True,905,False,199,mrsancini
29719355,2374,False,39991,False,1321,hinachiwar
65468497,1562,False,1549,False,1496,raybamgod
140589463,683,True,2491803,True,1137,queenb
141511696,637,False,389,False,1428,gamepropc
44847256,1944,True,11476,False,74,blitzkriegftw
86181676,1287,True,31605,False,867,windowsgod
162952213,464,False,5992,False,482,sukinhabr
186592596,283,False,1332,False,1588,rowlith
5272844,3467,False,1951,False,593,xtechx
191954792,264,False,3613,False,1847,hokket
61697325,1625,False,1014,False,1567,guamiratiop
87080004,1290,False,4294,False,1452,maike_azauski
75433570,1423,False,13195,False,762,nearplayss
140936740,678,True,1154,False,728,bielmanteiga
188195606,255,False,1811,False,356,ice_bl4ck
155360601,475,True,118,False,1590,billsdabalada
44153960,1960,False,768,False,1472,galderiodrifting
141802661,649,False,625,False,1504,eredoijin
65705202,1559,False,13257,False,581,vinnicius
52635209,1773,False,12510,False,679,nightsuno
28640378,2415,False,303425,True,523,demosc
90703429,1250,True,7178,False,746,nixhogg
139630067,687,False,230,False,703,stray_darkness
157231490,511,False,1207,False,1082,gabigouu
135218392,749,False,7681,False,574,overnuke
185884294,301,False,836,False,1738,lordxavexx
138491681,710,False,32048,False,858,josefon
100520328,1127,False,2339,False,1098,glaucio017
31552109,2303,True,500595,True,274,tiojez
38290945,2134,True,1161,False,476,praqnickstream
128159379,834,False,1165,False,1746,pexedev
134745821,752,False,4367,False,1777,gamerrevil
43193656,1977,False,60410,False,613,sn_spike
74123198,1439,False,771,False,948,r1emperor
151059726,561,False,5124,False,1553,1553
56109880,1710,True,45680,False,1318,krstv
141882612,661,False,1409,False,582,gdmplay
130548870,741,True,1938,False,529,gsferrera
51414030,1796,True,40181,False,479,felixone
37701145,2071,False,562,False,721,stridervr
25810656,2517,False,10736,False,822,l4stwolf
76977981,1401,False,45849,True,879,taffsx
64848365,1567,False,1394,False,220,gaminmind
50118526,1825,True,1025,False,1858,mamdec
50777452,1810,True,3151,False,1601,olivermoon
131079767,780,True,121,False,1815,1815
115784002,958,False,32374,False,1108,hattoriyasuke
130797055,805,False,28910,False,1671,mudeiprafernandol
88469026,1278,True,15475,False,1687,takone
170030912,423,False,402,False,882,spartagamesofc
138569077,709,False,827,False,825,brunoisonfire
188310155,284,False,1221,False,292,jovinho
47847912,1879,False,5737,False,1180,mrlopesbrazil
40258764,2039,False,92225,False,1520,skeatdota
47568041,1883,True,3164,False,549,toicao_
64198626,1583,False,12045,False,913,socbarlive
47748262,1881,False,155,False,547,matheuswow5
172340508,406,False,2247,False,600,matharantesoficial
125941449,860,False,4008,False,811,hyuguinhag4
66338761,1551,False,31029,False,1892,sildao
46921997,1897,True,2979,False,1835,liefdeltora
146819360,616,True,6785,False,805,805
30226544,2344,False,9371,False,302,inskz
30208200,2355,True,9273,False,94,pudimdecana
145719986,608,False,824,False,311,manito_br
119391698,697,True,1773,False,687,aquelegameplay
66438715,1549,True,59669,True,743,tupaco
167543669,433,False,489,False,401,marklow_
36864834,2189,False,6159,False,375,jokewd
147372524,610,False,53990,False,1356,telinha
129094992,815,False,3803,False,625,zerocapotte
146094379,623,False,9530,False,843,kinho_fps
105016658,1085,True,57441,False,1908,ricci66
37335559,2171,False,5674,False,231,faeddin
26999678,2484,False,29410,True,1351,tengumaru
4783274,3507,False,10911,False,1506,furlim
42531842,2005,True,1131490,True,1422,maurisousa
157985519,503,True,5829,False,1286,underlineaisu
37222539,2176,True,12360,False,1034,kehanort
62021805,1551,False,1115,False,82,rafaelrods
116365796,965,True,8595,False,1178,kitsunegamereviews
69936613,1488,False,30068,False,696,diluoliveira
35781953,2234,False,5200,False,1864,samfisherx
51083106,1793,False,1126,False,1458,como_naojogar
121645992,913,True,349219,True,1372,xaojo
157690148,507,True,12977,False,1091,wallacetaa
132742784,781,True,135630,False,1734,acquaplayer
103119024,1092,False,2217,False,1051,yukefree
36254610,2216,False,347130,True,417,batera
37825200,2153,False,17962557,True,1259,bida
152683844,552,False,5410,False,621,playerdecontrole
110613627,1018,False,995,False,596,alexxfenix
129975451,814,True,67345,False,1370,mariopertile
32126992,2281,False,3389231,True,988,988
143789788,646,False,64941,True,1776,gwentartv
160363488,483,True,4815,False,457,loena
174829911,386,False,19678,False,152,spdtv2
151209804,569,True,31533,False,889,tioramon
156174244,522,False,1648,False,932,balance_vai_arder
38381293,2121,False,13841,False,1143,lexhorvath
181086912,330,True,1475,False,1268,samelexyt
45399890,1930,False,5915,False,1834,renatodash
53544783,1749,True,15617,False,890,drycwb
42474919,1995,False,1029,False,1628,1nuked
38194628,2139,False,2095511,True,1643,razerbrasil
41188387,2042,True,20016,False,1438,angolas
107663320,1056,False,10638,False,1805,icapflapjack
66482009,1549,True,1023842,True,1837,gtiemy
146692039,617,True,12081,False,952,raffaohard
124589492,873,False,913,False,670,petalight
38636100,1933,True,2493,False,1216,jean_henrique
147749179,605,False,106899,False,1102,caduhrj
61830066,1627,True,2625,False,732,nicolinobh
149870549,580,True,4276,False,959,berckano
143217099,652,False,3524,False,202,skidflashys
64276023,1582,False,2966,False,623,dr3nks
154056502,540,True,7167,False,1680,luixx_rj
42439454,2004,True,37479,False,361,pentaleks
156535364,499,False,1390,False,1013,fabricio_dg
38593309,2118,False,5172,False,309,thirock
188740019,278,False,1938,False,1210,maumau6k
166530275,443,False,9233,False,1532,kross_rs
72553811,1461,True,4958,False,1909,xisjota
33990746,2250,False,1634,False,1016,robsonsg
49807335,1833,False,19360,False,1906,lordbigodao
27645253,2455,False,425350,True,622,tioloko_lives
37531762,2164,False,3993336,True,62,melaogustavo
47962421,1876,True,20781,False,881,lovett
43408722,1975,False,8415,False,265,265
158333967,501,True,106908,False,1427,nambioficial
44720327,1934,False,23168,False,93,samots
196712415,233,True,1074,False,967,dgzaor6
32791104,2244,False,1047,False,1215,jeguebauer
53659621,1754,True,1466,False,970,lifer18
47583516,1880,False,231,False,125,zeroquatromidia
157364934,510,False,634275,True,319,magalzaoshow
91219968,1245,False,38692,True,1826,xsharkxz
173206017,400,True,4000,False,1190,grandemoficial
56525432,1706,False,142732,True,280,280
37932515,2148,False,2756,False,627,makenzyfps
207541571,204,False,34902,False,532,canaltortogames
171163615,414,False,1904,False,1904,latroff11
61929923,1625,False,214355,True,1164,patoquisi
60137739,1653,False,104571,True,120,pkcanadianguy
134555431,760,False,370328,True,862,pokizgames
34267694,2249,True,13518,False,248,haddys
38998800,2108,False,4783,False,526,barbilogon
51218290,1800,False,3428,False,907,kiragamees
152695080,552,False,12556,False,131,nayh
71450067,1485,False,5687,False,1652,banzaijf
147882474,603,False,21821,False,217,bugrebr
88056577,1098,False,882,False,344,digitalman78
138450434,710,True,2529,False,709,omassoni
74576679,1436,False,2061,False,364,the_rhaj
39279933,2091,False,42930,False,1851,oreia_
120668831,918,False,1571,False,300,meninoneitam
101432273,1133,True,26746,False,1397,visceralplay
39085927,2101,False,2737,False,1381,meraruu2
52185920,1758,True,799,False,1324,insane2103
134609427,758,True,15094,False,1198,sansaotv
93513938,1191,False,284,False,1060,marshal_mbarete
160986323,468,False,744,False,570,570
48001416,1871,True,2492,False,1303,leovillaz
75191132,1403,False,991,False,1406,theurimagri
130089213,813,False,2518,False,701,crizhauer
121164142,910,False,3066,False,161,personerd
40549443,2054,False,3550,False,1451,asanaparada
42598460,2002,True,24739,False,30,retroclubtv
169912199,424,False,494,False,918,davidbondi
97444197,1172,True,5190,False,158,medukachan
32303519,2274,False,226994,True,1150,bellaplays
52492064,1775,False,6641,False,857,bravosbrasil
178742226,355,False,2622,False,1748,viking_bra
76515431,1400,False,1096,False,273,ydnshot
50862508,1805,True,21165,False,1195,ellgamer
88679251,1275,False,144764,True,386,386
46748498,1902,True,11071,False,385,monica_naomy_
122236940,899,True,680,False,8,gmbrasil
156301942,521,False,44220,False,1234,sakizhen
60495668,1647,False,1438,False,99,paulo_system
94937927,1198,True,13876,False,379,doninfierno_zgz
156921069,495,False,1249,False,1536,cletou
53265824,1762,True,6934,False,660,furulu
54883003,1734,True,625042,True,315,salaef
66479457,1528,False,523,False,635,fabiomoreiratv
35750532,2238,True,7443937,True,287,peroniogh
127382609,841,False,12218,False,503,be2gamers
129888683,798,True,1403,False,180,180
42561950,2004,False,1396,False,181,metralhagamerx
96565160,878,False,54,False,935,talcopingobr
137456156,720,False,9336,False,1202,vita_minas
42681363,2000,False,1129,False,480,palaceortiz
128305799,832,False,32910,False,1242,nczfps
73915956,1427,True,77043,False,1700,1700
43314529,1978,False,2718,False,1595,1595
71440174,1485,True,7010520,True,869,sonecarox
130155948,777,False,91,False,233,pettinari76
155980893,518,False,365,False,508,jongamezon
157565874,506,False,2543,False,433,rafael_rs_
37740021,2146,True,1170,False,1664,pantchelloo
42838884,1996,False,112649,False,1338,tonnygamerlive
66053224,1555,False,827892,True,514,avoliteplays
100729901,1142,True,8849,False,494,agahfps1
74510447,1437,False,1318935,True,61,bracubi
140656580,682,False,6305,False,1889,mihibr
160373589,483,True,2221,False,1334,ramach
32480427,2265,True,1707,False,1507,do0ug_
41329987,2033,False,1515,False,620,regames
64168356,1581,False,1080,False,182,signoripaulinho
68319500,1501,True,1567,False,1081,eskeminha
192326745,262,True,1499,False,1464,fakegabs
118101676,948,False,1094,False,985,985
134945933,754,False,30845,False,1491,foxmaiden
71518767,1483,False,72196,False,1209,cheirolento
28425508,2405,False,1351,False,994,994
7944991,3323,False,74,False,1307,spallenza
115553732,973,False,1680,False,678,cjtubegames
101410194,1134,True,12913,False,160,streamer_erika
107028047,1057,False,7387,False,1712,1712
40988135,2030,False,4521,False,1292,brunao113
55480220,1722,False,32341,False,1877,erickradiante
50294860,1820,False,4858,False,40,whittzin
46064563,1913,True,22643,False,724,willzaomaster
44306725,1956,False,919,False,130,130
37376341,2155,False,733,False,151,marukard
184395643,311,False,7559,False,910,pepinow
67114748,1538,True,3143,False,840,bl00mx
43291610,1984,False,4331,False,452,lflintx
36288074,2174,False,1229,False,749,zanzoutv
139066965,698,False,6597,False,1714,joysticka2
132660807,782,True,15721,False,1711,sirhater
31409705,2308,False,315349,True,731,noturnocsz
55479614,1721,False,4793,False,1854,einandex
154794020,533,False,899,False,993,993
105789958,1077,True,41393,False,1194,pestebee
122039184,908,True,3160,False,1359,wawpakan
101062654,1138,True,36178,False,979,bartroman
169029674,429,False,9421,False,24,tiopiada
32080411,2283,False,1568,False,240,cellusalves
139152082,689,True,2015,False,1276,1276
50818641,1808,False,2492,False,1073,nikaogg
40181830,2071,False,984385,True,35,mahriojr
174001730,375,True,2223,False,1705,br4i21
49563328,1815,False,2270,False,804,ggxtv
167118220,441,True,3629,False,652,sandrigorn
64449897,1579,True,6469,False,1598,eduardoclj
134043106,767,False,888,False,694,quikjoga
86163643,1297,False,6817,False,87,tudoxbox
76786158,1405,False,87175,True,1361,perdidosnoplay
48604776,1862,False,23187,False,765,f00rsaken
117999326,950,False,18205,False,1101,nmblog
147373735,609,False,23997,False,1754,shoitilaw
65909974,1556,True,10070,False,573,kakolinos
79633667,1369,True,64886,False,1827,samuray_rj
50795995,1793,False,2484,False,693,canaldorafael
176415108,350,False,1848,False,170,xleo_333
195794292,240,False,624,False,642,mateussousa
75422543,1422,False,1159,False,1330,alemaocaua98
139745227,693,False,551021,True,955,luality
72384187,1469,True,2291,False,1021,ghufte
133905504,768,True,2830,False,1468,clgb
75074195,1429,True,22229,False,1246,barbanegra37
129396082,822,True,15903,False,1605,ziykhar
214599189,179,False,639,False,719,hitachory
164922061,452,False,3652,False,323,d1braldinh0
150170268,579,True,164433,False,1249,silviosantossafadao
207871820,199,False,670,False,1830,guitenma
190343883,273,False,22478,False,1271,brinks_gamer
81660405,1348,False,1528,False,1184,mikegomes02
28173449,2338,False,6691,False,1317,baikugan
98137584,1166,True,163308,False,702,cremosa
139349067,687,False,626,False,1456,potatoheadfps
144175897,642,False,3152,False,358,358
78403192,1379,True,7429,False,775,iiistarboyiii
139281825,700,True,46118,False,661,sarkmor
71643992,1479,True,2666,False,389,sgtfred
37197789,2176,False,46174,False,965,mujahedin
37334545,2130,False,434,False,1679,nandofer80
136189230,739,True,371599,True,1807,vovo
139419603,219,False,3135,False,1898,gamecodextv
158068314,503,False,55686,False,1718,pwxd1
58444331,1679,False,275535,True,1843,dudapipipitchu
71873361,1479,True,23331,False,384,odoubledamage
44704535,1929,False,971,False,357,tubiii
106930521,1064,False,3764,False,154,raydenh
38211613,1693,False,3604,False,13,savepointcast
159040272,494,True,1415,False,354,tsukimeplays
106464447,1069,True,1571234,True,560,felipe
67547140,1535,False,10203,False,3,jonataribas
75249218,1427,True,24685,False,745,yazalaque
64888574,1573,False,42051,False,1793,gustmarthos
44765611,1875,False,918,False,1250,juniorgtx
51147329,1728,False,1725,False,255,yume_zen
187701121,288,False,1707,False,915,indiiantv
133662655,770,True,5439,False,949,hello_im_mat
93312028,1218,False,2933,False,487,canniibal
57900454,1675,False,4079,False,1627,generalnovais
87780328,1284,False,114454,True,906,kadaogg
135083533,749,False,3417,False,715,piazadaplays
79085188,1374,True,17716,False,1736,mestre_xis
139064318,703,False,271099,True,472,nitrao_
182538808,317,False,860,False,252,ledo00
33693566,2250,False,20431,False,1119,gugaismaelbr
160059210,486,False,9897,False,1384,butecodokatitu
216229945,172,False,21670,False,1001,hnddd
169891285,424,False,927,False,690,multiiclone
44665270,1948,True,49354,False,1160,zektorz
44432550,1932,True,31634,False,1505,inked_gaming
146591710,606,True,350,False,1903,1903
142418424,661,False,109952,True,492,zoioogamerr
58396936,1679,False,47812,False,119,arnaldodk
37383624,1756,False,1570,False,443,mgamesbr
104822491,1087,False,19118,False,819,unicornioboladaum
40073375,2074,False,8778,False,1045,digoligo
112029747,1008,False,308721,True,25,monagua
74860414,1428,False,664,False,1540,hallsgamertv
130238190,809,False,13843,False,830,unstoppablolive
73690667,1445,False,6432,False,1693,thiagosnk1
104711067,1089,False,2889,False,421,giovanneallan
98971037,1154,True,8768,False,1173,mix5how
89176827,1267,False,1254,False,1290,tortavitor
114828727,981,True,1477,False,673,tetres
46154411,1915,False,768573,True,2,lesparks
76953046,1401,False,60865,True,691,hardcapone
181234825,335,False,1473,False,1488,ghxstoficial
133421417,768,True,32653,False,1126,evil01
37420011,2169,False,20595,False,1413,rodgod
36896011,2188,True,11967,False,1550,lonujp
58690502,1668,True,9468,False,1389,csmano
80965866,1354,False,1054,False,107,striketps
41340698,2037,True,776827,True,1808,vecettv
28367874,2427,False,97267,False,987,pentagramasg
118825948,734,False,19,False,454,ckuragames
59858209,1658,False,2434,False,1562,wasenhoo
146752015,617,False,9114294,True,235,tuesgg
28834384,2408,False,674645,True,1657,cbcesportstv
85645364,1302,False,3571,False,1529,sylen_
62876408,1605,True,61897,False,206,pifafa
165090751,453,False,5940,False,676,andershoow7
58952287,1672,False,4878,False,1434,koiot3
133612118,674,False,122,False,266,teko83
106970010,1048,False,39,False,145,bichosgeeks
91613361,1232,True,1748,False,1052,tsukaxon
49311754,1846,False,472,False,7,lk_costa
25085737,2573,False,6665,False,1288,wellerssong
210688987,194,False,4391,False,1404,codzerah
35919495,2231,False,841939,True,866,mrsam
43813392,1970,True,6058,False,1197,lelamurtok
168610240,384,False,560,False,1163,joneto
206811036,205,False,6443,False,1629,velkkz
129552965,820,True,10356,False,257,helkou
57048228,1697,False,4846,False,1812,otanso
64113564,1585,False,1454480,True,1366,amarelo
82613055,1288,False,1472,False,372,dragonpkbr
66932012,1543,False,2336,False,1566,azurethierry
36413513,2210,False,520593,True,38,mrfalll
39876329,2062,False,1509,False,826,khaelkixinga
43334026,1983,False,2277,False,1141,hide_fps
44399821,1954,False,99512,False,1522,stalonebr
141006028,678,True,49485,False,567,samsilvap
63868341,1588,True,23586,False,1632,tagostream
89149293,1270,True,13898,False,1849,sillygirl_lanna
49060169,1841,False,1603,False,943,dinobola
42739003,1999,False,12850,False,615,zamontc
58353757,1675,False,1924,False,1018,1018
64694426,1575,True,46908,True,1042,1042
90560336,1243,True,1302,False,891,891
39796058,2076,False,2308,False,1591,tanoeasy
58787463,1674,False,84906,False,1426,luizchiefs
111002775,1017,False,10313,False,1357,madu1311
146509219,595,False,919,False,1624,gabssplay
61937546,1623,False,11724,False,1575,anamarialadra
52550701,1775,False,1001255,True,1443,marqueszerolive
77214656,1398,True,1597579,True,441,gogettao
112439232,1005,True,16210,False,1887,arcanjoleal
41735677,2010,True,10018,False,707,overtgames
41008133,2047,False,1821767,True,1424,levelupbr
32479897,1802,False,774,False,1248,mixzonegame
38416140,2129,False,6348,False,1803,vaevictusbr
66932082,1434,True,519,False,1648,abelha
125611479,864,False,4246,False,766,jjotaplayer
162197201,469,False,223151,True,1773,tvserious
112578987,1004,False,9680,False,186,solidze
106687165,942,True,938,False,1266,beardgeeks
38418136,2130,True,50635,True,817,simego
153426132,545,True,2613,False,1062,nemesisumbrella
61262284,1636,True,3766,False,1168,poseidonkk
96801079,1176,False,1289,False,888,joaopipous
104986515,1085,True,1273,False,924,sordruther
37325884,2170,True,139828,True,1344,nephraw
64191449,1584,False,1576,False,1402,dalben_
165519316,436,False,1745,False,1899,1899
162675328,466,False,27528,False,1239,jaguarkill
178301844,358,False,4001,False,1360,kirawalkerwga
57757407,1679,False,12751,False,1779,godmodepodcast
64365280,1465,False,81,False,329,juniornascimento2010
57036482,1673,False,16422,False,1035,jogazera
43699836,1972,False,24873,False,1732,1732
40784435,2052,False,499,False,1572,pinasyw
42135633,2015,True,3666,False,216,wallassy_pacheco
184004182,314,False,445,False,1715,tiagaopg
157554265,507,False,367,False,756,rictalcoyote629
63111564,1601,False,6165789,True,174,matta
70435129,1501,False,11779,False,137,137
36688471,2197,False,28428,False,1677,ldreviewsgame
179083904,352,False,2368,False,1796,jrpereira87
36127104,2070,False,0,False,168,liveplaybr
65843701,1554,False,35081,False,225,griloatomico
103459792,1096,False,145,False,1396,pablodiasbrpro
58368097,1680,False,148214,True,258,guilherme_oss
62641125,1610,True,15406,False,897,wolflordbrasil
70163269,1505,False,38827,False,1326,sirmartiny
51229451,1793,False,988,False,350,4nostalgia
134233365,764,True,1522749,True,1557,finger
42668068,1969,False,1307,False,19,rafaranulfo
148295641,596,False,2383,False,1902,candanggo
141784826,670,False,6269,False,838,eu_rck
50758779,1732,False,2136,False,524,noisquevuatv
156053582,523,False,2532,False,42,gameplaynorte
68529210,1420,True,806,False,1116,dr_mag
23016888,2670,False,4923,False,674,felipeallen
51028659,1804,False,30817,False,312,joao_peranovich
52941593,1768,False,86060,False,432,shiandegames
27977060,2442,True,17573,False,48,ryuzakiblue
45989700,1917,False,665225,True,1825,sitedomau
207109700,176,False,392,False,1707,geraldinog
51842788,1787,False,63359,False,1780,putzeraa
194389241,252,False,585050,True,1653,batatacompepino
71431034,1486,False,102825,False,404,nivelzinhogamer
163913388,459,False,5512,False,129,luts_tw
46736025,1902,False,786061,True,298,sanguev
69402712,1514,True,29531,False,47,neozingg
65237911,1567,False,7733,False,651,bannis
43313696,1983,False,24614,False,1203,1203
166148096,444,True,13970,False,980,mirandatopgame
146652741,609,True,1062,False,1708,toperas2
50359162,1792,False,634,False,575,dudunirvana
135575703,744,False,1486,False,413,feliperin
63602976,1592,False,32672093,True,127,skipnho
122440748,903,False,351586,True,1442,gabrielzerg
138633370,708,True,1808365,True,422,tcheloft
77757388,1388,True,328071,True,1394,manostream
52110640,1783,False,12072,False,609,lepontello
76895515,1403,False,939031,True,599,leleuhms
41167673,1917,False,543,False,1319,bendakbr
147209178,612,False,4349,False,1403,schmeier
144517477,637,True,5355,False,849,letsplaynerdstv
183716442,305,False,765,False,1228,imnikin
56559621,1705,False,2979319,True,982,coelho
45891855,1920,True,3451,False,758,crowkenwood
139977155,691,False,366357,True,465,yoonatv1
174598174,371,False,157,False,84,teozeira
46187182,1896,True,35100,False,308,oplinio
54961678,1733,False,7392,False,716,716
170187916,422,True,10398,False,1490,mortinhotv
116162431,965,True,27776,False,1859,maurinboo
35888311,2232,True,18232,False,1513,liiimoniii
54093500,1734,True,1069,False,801,rbr1tv
140633959,682,True,33493,False,1474,ladyjanne
75990539,1415,False,17479,False,713,daemonbsd
117650586,953,True,22557,False,540,aoshi_tv
152893832,545,False,14623,False,677,bobbyzera
61426084,1626,False,1422,False,1153,vit1n
36411778,2210,False,27510,False,1136,ilher
180523198,341,False,1365,False,90,porriiinhaoficial
153951033,541,True,199695,True,388,kelreact
138583485,709,True,352377,True,275,suribh
163382835,460,False,845,False,737,tenenterambo1
80876147,1355,True,5629,False,277,punknik
67435611,1538,False,3323,False,1465,hardskll
71491922,1481,False,2150756,True,148,shadowhousetv
41783889,2024,False,33101623,True,1660,axtlol
48007150,1870,False,6126,False,975,brak_gamer
21919955,2729,False,72863,False,1061,residentevildatabase
128068813,835,False,10454,False,1523,1523
38583320,2118,False,8439,False,1431,whitiwolf
158430942,494,True,7092,False,821,xsnooploolx
176011850,374,False,14168,False,1219,1219
47623621,1884,False,8842,False,1644,poleza
151050332,571,False,5002,False,1017,4liengod
36923984,2189,True,62204,False,1221,1221
111927449,989,False,2082,False,418,vira_latas
101025540,1139,False,15036,False,1761,mathgabe
31351760,2306,False,11836,False,823,goianostuffs
65438646,1562,False,11657,False,436,artigojlb
78937603,1377,True,563470,True,1673,lari
46959776,1897,True,2550,False,1816,edueyescar
123057460,895,True,8322,False,612,caslual
23572857,2639,False,763,False,1064,brian_pso
47319792,1890,True,1859701,True,1287,azecos
94122924,1209,True,1235644,True,429,429
51484563,1769,False,5762,False,1606,tavernadoarauto
37203549,2172,True,3744,False,734,cutiekil
32569803,2265,True,183547,False,1167,1167
125120167,870,False,26860,False,294,henry7g
127849674,837,True,38330,False,565,hizumi
62947062,1593,False,11935,False,1789,ferrocki
75460947,1424,False,15256,False,976,cauapicetti
53461024,1759,True,413017,True,15,reishd
41134315,2043,True,1318725,True,1068,pannshi
166067153,447,False,8793,False,271,xbatatax
146244950,622,False,5443111,True,628,jogaizitv
46726993,1901,True,2178,False,1833,lpbruno
62704080,1609,False,14647,False,1170,reliquianerd
86789239,1292,True,4522,False,1481,r11omegax
54096215,1746,False,11472,False,986,jrbaiano
79613476,1338,False,936,False,1688,jonaasfps_
181117314,330,False,1414,False,169,acabousossego
197812373,231,False,261,False,72,toilet07
31354156,2310,False,355262,True,1802,gameranciao
70436045,1495,False,284,False,568,anakhin_dl
196858254,235,False,7266,False,175,ninjoles
49746817,1830,False,3138,False,408,renatrance
103371187,1108,True,3088,False,192,majorneto
32171655,2279,False,3242219,True,781,zigueira
138242338,712,True,7375,False,812,torresp1_
47071880,1896,False,116392808,True,290,yoda
89999332,1258,False,923,False,969,annhangames
52763808,1770,True,180299,True,1501,1501
152320872,557,True,184191,False,1341,halfmysticgames
83464968,1317,False,1112,False,347,t4kings
121011646,903,False,1362,False,1637,maegeekpaigamer
157288986,501,True,2836,False,1201,1201
141588865,648,True,7931,False,1135,tomiebrjp
28568424,2413,False,461239,True,653,esl_bf4_br
190539854,272,False,22926,False,209,raffask
155145481,531,False,7362,False,591,seugracioso
38594060,2121,False,7937,False,714,matuscara
40702214,1436,False,2295,False,729,kabronzinho
37147296,2177,True,2628,False,301,niesan4
37355242,2171,False,15316,False,1783,battousai_dojo_games
73622424,1449,False,93402,False,419,grazielaoficial
37071828,2179,True,10807,False,1400,medaglia_
75626795,1406,False,967,False,1093,radioativao
147425718,609,False,30582,False,1217,vovodobrejo
32880769,2128,True,6190,False,1030,horuify
80242276,1360,False,3734,False,1622,icryteek
125627804,862,True,8055,False,1885,alpacora
24967766,2564,False,6103,False,1224,chromatic86
150549937,545,False,217,False,668,xh4nnib4l
140171844,688,False,2224383,True,1621,policiaemacao
157226922,512,True,159640,True,1669,danielkarioka
127173599,845,False,5054,False,456,zaga_br
124442761,851,True,4674,False,1033,nina_cdr
13131835,3041,True,3134,False,157,mzeroyami
130394681,810,False,11472,False,1213,alanalivebr
65752613,1559,False,2548,False,1689,gamepopperl
72694871,1463,False,8352,False,1463,bickiz
129850128,814,True,5742,False,802,feedks
62336028,1617,False,4757210,True,1433,burgaofps
147646688,597,False,1642,False,1065,gabecavalcante
50831683,1809,True,4004,False,140,diminaz
100842392,1141,False,544,False,1362,1362
78626614,1379,False,2329443,True,1821,stereonline
150294635,564,False,3084,False,58,ninj4a_
41222584,2041,True,663071,True,195,holyonline
38723465,2107,True,3691,False,1866,katsutoshi
65782286,1556,False,15657,False,234,lobo_ttv_
140040385,690,True,4479,False,1056,tatoo_
42177169,2011,False,752,False,296,dupunx
124458178,878,False,22256,False,562,fifacoaching
178400820,357,False,1222,False,614,jaguar_xplay
21552638,2746,True,52951,False,1670,krncx
31001561,2322,False,6032,False,1398,mura5k
85801598,1292,False,496,False,1788,batuquegs
59220897,1668,False,31565,False,680,didimokof_
144772004,635,True,42073,False,1371,lobomautv
51010831,1805,False,40663,False,1719,d31m0s
54283820,1744,True,1487978,True,1694,tesdey
132560027,784,False,1861,False,541,koukinho
212842282,153,False,386,False,865,zeonliv3
78223162,1383,False,6221,False,877,pepepedrob
123106571,893,True,19064,False,592,lordanonimo_
169167778,428,True,32632,False,1369,yuriaxel_
144629081,637,False,19156,False,12,mestreegg
44150799,1955,False,2748,False,10,hyakov2
44563340,1897,False,4392,False,1358,meneiro
119265169,919,True,53510,False,923,terrordosertao
31666260,2272,False,2347,False,44,nouveauvieux
139562554,668,False,506,False,1703,black__duck
164702581,444,True,2891,False,1130,goudargg
189118330,264,False,555,False,909,emppzrj
20071423,2808,True,3521,False,473,noobleamed
159270742,493,False,1833997,True,894,rushintenso
70557915,1500,False,1876198,True,102,petarnetotv
44570028,1950,True,107604,False,664,oninetails
95277046,1195,False,1294,False,1910,kaykygamesyt
147462946,608,True,12374,False,1310,kav1m
80539309,1359,False,4397521,True,1758,cabritoz
50441040,1818,False,1842,False,1331,caueyamikaze
124158099,881,False,25136,False,70,70
38039141,2138,False,3397,False,760,canaldotioluis
40810505,2051,False,460,False,816,igor_yure
124507814,875,False,2338,False,789,marizeira
27694460,2440,False,691,False,646,unrealwins
40779449,2054,True,1581600,True,1763,cavaco
10789658,3150,False,3412,False,359,sasquast
42963990,1990,True,17036,False,483,lhama
131956516,775,False,195,False,1813,1813
130434140,809,True,187209,True,507,brunomalloy
131427878,798,False,18926,False,1690,kantrycs
12998275,3047,False,12233,False,778,niltox
143713140,646,False,28124,False,400,xxthiago_moreira
50652984,1812,True,1628,False,875,darksango
177617886,360,False,1700,False,1407,poderph
80588162,1359,False,4242,False,1613,zzerotrigger
151743262,550,False,1782,False,1306,1306
140368108,672,False,458,False,1069,blindfaithtv
39880224,2078,True,47772,False,726,deshiiz
96701700,1180,False,2030,False,1546,juniorfrost
121883855,909,False,9219,False,1528,obobjohnes
116946322,960,True,338594,True,654,jessyjtc
29641130,2378,False,50472,False,1189,felipetweaks
27834290,2445,False,2448,False,1695,bodebodebode
174755550,388,True,20325,False,1778,kiduuxd
165099394,453,False,5613,False,916,vaynezada_
95443131,1190,False,1366,False,1054,beamom
47414086,1884,True,3689,False,1327,my_sight_br
127407018,842,True,3609,False,1772,jogakitty
45346951,1931,False,11294,False,753,tnago
11583324,3113,True,11846,False,1839,chitaum
89864646,1261,False,4543,False,1165,canaldoed_
65531032,1562,False,6637,False,1497,1497
117764377,951,False,39837,False,124,124
176332989,368,False,701,False,89,nandobarba
46631195,1904,True,6291491,True,1086,izual
124383343,879,False,4860,False,299,adrianoaccel
63343516,1593,False,477,False,81,vilegorico13
83017548,1331,False,23685,False,1392,rodwolftv
167032114,441,False,164,False,1817,ehodolas
48783201,1856,True,4224,False,52,tokoneswi
23073630,2669,True,3629,False,394,basstv
29020626,2402,False,727872,True,207,ljoga
59255980,1635,False,804,False,1508,marlokko
50488807,1817,True,61764,False,398,fuimm
46850375,1900,False,3912,False,142,kauso1
97891001,1168,False,5511,False,1828,legionnseven7
93613709,1211,True,27659,False,1741,magraotv
94951784,1159,False,1903,False,1125,roommer
150496888,576,False,7229,False,813,kaykeduarte
138169203,711,False,325,False,552,castroxtv
56340704,1708,False,12729,False,104,saarteco
41421100,1997,False,1018,False,1094,nyrum
188653315,269,False,113,False,896,lukinhasr6s
139753018,693,True,5678,False,742,hash4shin
85612907,1303,True,5542,False,1127,mallogado
91482897,1236,False,2274,False,1301,igaoft
28281470,2424,False,1637,False,1237,smess
66514688,1547,True,6519,False,1795,orlokoh
96509982,1169,False,2421,False,14,zozoshi
23780816,2628,True,4366,False,1650,esyv
72460340,1469,True,48512,False,999,glacy_
92447880,1229,True,18290,False,530,drekejones
157002835,515,False,1429,False,1462,rafats
28433164,2422,False,43188,False,1299,baixofrentesoco
124368988,880,True,24540,False,245,porcosonico
63993453,1585,False,506,False,783,allysuu
91201229,1245,False,39783,False,1770,bicodebelrj
45213958,1929,False,1676,False,1077,yohplayer
86160173,1271,False,1243,False,366,matamadae
63003360,1586,False,948,False,1282,rafaelchaos
62981789,1577,False,1822,False,787,thalesph
155133805,531,True,21230,False,903,juttel_
39703242,2072,False,778,False,322,feralmann
30348932,2349,False,10377,False,779,maclaud
78249478,1382,False,2487,False,1675,johnny_rossi
55728059,1718,False,6639,False,945,xumatv
179654430,328,False,196,False,1261,sonatabathory
38110132,2139,False,42823,True,435,intactv
116960638,960,True,4738,False,1212,vulcannos1
64077455,1585,False,25425,False,1742,wowjayz
70480222,1477,False,8201,False,156,156
45367945,1929,True,52886,False,291,gsbressan
105380006,1079,True,10579,False,1047,hospiciotv
62841101,1607,False,883688,False,121,efootball
132556639,785,False,379,False,655,655
47459279,1876,False,5508,False,1395,markleo09
52330379,1777,False,4620,False,1868,carolinamisaki
189112511,277,False,4097,False,91,lele_fps
139230584,700,False,14989,False,1609,luisafalken
59172303,1669,True,40520,False,686,melonamp
62723369,1562,False,457,False,606,dtntfl
103109253,1104,False,2636,False,288,gamers_actionbr
40077219,2073,False,1819,False,155,frozenbell
118936833,939,True,59001,False,587,vitriaz
105576061,1077,True,1390,False,776,heyphil
72267161,1471,False,2213,False,657,nevadoz
171925297,401,True,8885,False,1819,domzinho
54555381,1737,True,2354,False,337,thaaysc
157101281,514,False,3029,False,1530,speedende
121656685,911,False,7967,False,640,ptmgkira100
181442372,335,True,10635,False,884,baroquew0rks
146005665,624,True,11819,False,1752,badmathtv
80048468,1364,True,26113,False,978,dariuslacerda
127778476,838,False,335,False,1757,k1nglewo
117907663,939,True,1074,False,97,sarrelandro
29094596,2399,False,3743432,True,318,hayashii
68911901,1520,False,1194,False,360,jonnyzul
104606862,1089,False,74008,False,1492,jogadadmestre
162951230,461,True,36082,False,31,tenente_rojo_
58354343,1678,False,2742,False,1255,eddiekira
43899578,1967,True,8397,False,1264,hiviane
70772478,1495,False,4650,False,841,marjolygirl21
63024162,1533,False,750,False,1437,mettallifox
46144554,1913,False,13016,False,1441,kratoscheky
96750573,1179,False,5982,False,921,1241221455333114
81499923,1349,True,9336,False,852,gregoow
42940301,1994,False,4276,False,920,edumbb4k
154490948,535,False,31956,False,1006,dankixote
154892745,532,True,1089073,True,1263,sinxplaysbr
136465728,713,True,2156,False,1577,cucamaluko
41095685,2044,False,3332,False,230,oxylicetom
117209801,957,False,2086092,True,85,seals311
24456135,2600,False,73074,True,1390,sstinngame
72319043,1471,False,2429821,True,33,kingvenom
38247806,2137,False,7192,False,1611,keplersama
169288658,422,False,928,False,449,owsthh
104140645,1097,True,398825,True,1844,danlimax
101919668,1119,True,16508,False,1028,ryandragons
83957804,1322,True,4800198,True,996,996
190766004,236,True,3665,False,1378,thegadeia
91046944,1241,False,4139,False,490,xuxueight
119648295,930,True,2218,False,22,thithicouto
75883839,1417,False,4206,False,618,edboss
32099757,2282,False,1466102,True,1631,deegalvao
5915027,3449,False,2133,False,1129,kawaiiscythe
137087898,720,False,188,False,658,darkng
39630453,2087,False,1255,False,904,k4lashow
58635175,1111,False,352,False,427,naldothai
147337592,600,False,174,False,166,mattstrats1
58371790,1676,True,569,False,1771,portostein
61371886,1634,False,10092,False,700,netnovice1
155161583,530,False,8282,False,927,bdrnathan
27086573,2479,False,7593,False,1785,gerson_mr
162383459,463,False,1482,False,736,retrobook
52132739,1780,False,14642,False,1353,1353
144776437,636,False,725,False,1874,subindodelevel
51075832,1803,False,12994,False,1289,spec3x
72733233,1464,False,381019,True,250,omeiaum
82804811,1331,False,1175,False,39,gamerjanuario
221134999,153,False,1385,False,73,felipotm
61912524,1622,False,22421,False,683,lordodintv
126919705,846,False,3715,False,485,casadosgamers
127566666,838,False,2621,False,381,senpaisousa
127210410,845,True,552640,True,428,camipozzolini
36347597,2202,False,23509,False,1059,titiublack
59679717,1660,True,17586,False,459,mundodrix
106050595,1074,True,91513,False,491,machadinhobr
172348488,406,True,3031,False,501,anaodolula
30397603,2334,False,344,False,546,bigfill007
31044881,2321,False,16437,False,594,detonaralls
67278839,1539,True,3642,False,977,justkillerbr
96775313,1169,True,1388,False,1493,cluelessheroesgames
55004656,1724,False,3460,False,1663,fredao77
124266410,851,False,164,False,937,ibraasz
86247084,1285,False,2553,False,793,darwinzin
64962566,1549,False,23686,True,4,guerrerodesampa
86107102,1298,False,4521724,True,455,ignbrasil
177814691,362,False,528752,False,1502,1502
142750259,653,True,2949,False,251,rasalghulsp
37542983,2163,True,87920,False,1454,medinnaa
152963255,549,False,27496,False,1053,okoffo
118124614,949,False,93464,True,1581,liroutv
95721196,1189,False,487931,True,828,mugzera
138347469,712,False,6205,False,445,lucchi
92644723,1226,True,8756,False,641,mrzeroarts
32351776,2263,False,699,False,561,tonsempregames
9618582,2963,True,468,False,538,laguna159
49490844,1836,True,10310,False,662,moonysunny
142938540,654,True,1527,False,187,srnandox
110625194,1020,False,598,False,185,lodef
147183607,612,False,41102,False,1894,marvinomm
124467704,878,False,1802,False,1187,negotodie
79827397,1367,True,5496,False,1251,deividedragon
156222076,522,True,6660,False,283,miinimim
52394222,1727,False,7927,False,1070,toniusjapan
36135238,2221,True,4858298,True,141,kaue
44656588,1948,False,26127,False,956,jovic
146664731,617,False,8249,False,1753,artnhu
47706764,1882,False,55108,False,293,maxziin
143944196,632,False,1715,False,1192,kinggamer_01
126228748,855,True,25450,False,748,thebestdaigoro
95026440,1198,False,4275,False,1549,chaudzera
104034838,1096,False,3730,False,238,hauzr_
87326176,1285,True,6999,False,1656,shiro3366
77655221,1391,False,5289,False,1510,imdetona
81897567,1345,False,9016,False,1019,1019
125707582,862,False,85348,False,617,gustav_play
74356521,1440,True,3081,False,864,rick_gomes01
40992855,2040,False,1679,False,46,oilusca
38083066,2142,False,7351,False,1188,danisor
143457205,646,True,357,False,1379,danteblaire
131612817,796,True,9023,False,69,zpori
45341321,1919,False,2395,False,1243,kangurutv
183634353,317,False,1310,False,1159,simracingworld_
142885017,654,False,3233,False,75,015_luuis
98180022,1158,False,2410,False,1380,canaldoxleoz
37637120,2150,True,2392,False,1420,vllad7
153552178,544,False,13111,False,610,eagamer99
108513960,1044,True,92632,False,1256,canaldoalli
154845887,533,True,32913,False,317,duduzhi
68966447,1520,False,254,False,998,r1pp
46711481,1903,True,115224,True,954,vinymox
161583244,474,False,2117,False,380,fuzueingame
85628371,1302,False,75237,False,688,mugguinho
58743713,1675,False,13497,False,1888,jplosada
76580663,1402,False,2126,False,1509,ravnuslock
31926998,2282,False,13055,False,1278,raichuko
147015638,612,False,1988,False,960,jotaveeg
110304433,1022,False,284,False,1440,r1zzih
146859389,615,False,9223,False,647,guiiizl
48074363,1863,False,2310,False,1731,digo_97
114118952,987,False,1544,False,833,lohnner
47594330,1876,False,627,False,1335,kairoshc
24146935,2611,True,10304,False,469,lavitzgore
70507826,1496,True,796,False,1571,thedecoo
98535293,1162,False,27047,False,911,oeverson_
141511783,673,False,1401,False,1471,laiitis
65786589,1558,False,9082,False,328,katitahhh
157686643,506,True,1118,False,1345,seujako
43552725,1977,False,4013,False,1856,pepinomagico64
129260505,823,False,21885,False,853,bigodestream
144094560,643,False,5611,False,634,634
159176262,494,True,90003,False,747,menyeb
61826040,1627,True,19427,False,470,felipefoster
129184332,824,False,397843,True,260,taiga
128314404,803,False,569,False,1439,pow456
41381217,2036,False,1577684,True,36,eviltwinsbr
137948831,716,False,9133,False,1685,sonataanpan
131773744,794,True,176608,False,147,marcelowiek
185378549,304,False,9638,False,1162,marceloffrei
92891266,1223,False,17230,False,351,351
156040686,523,True,89843,False,1662,pandora
89201932,1267,True,1528,False,1551,dacktv
98403017,1148,False,10295,False,1879,4funzeiros
70567017,1499,False,11513,False,515,foxfontana
49572612,1839,True,290148,True,1295,hempit
35924513,2203,False,351,False,1204,chakalzor
52607852,1753,False,294,False,1343,louiskiller7
139831013,692,False,10948,False,824,mousedrift
160792673,467,True,24450,False,53,makawingg
171035485,406,True,852,False,1336,mindigo
40961691,2042,True,46883,False,785,bowiesix
51713166,1790,False,55255,False,533,thaylly
32123416,2281,True,55736,False,1199,genebaldo
52258897,1780,False,3367727,False,1014,ubisoftbrasil
47300382,1871,False,23804,False,1809,mehssi
151293922,564,False,2521,False,1905,romanontc
65533557,1560,False,11047,False,773,artistamiranda
143042308,654,False,3993,False,844,canalsimulador
127004510,847,False,14535,False,1840,opsalmeida
117076893,958,False,23131,False,666,dininho
170202307,421,True,21575,False,563,rodycartier
122732249,899,False,9983,False,1774,tsgvitorio
113313155,992,False,583373,True,649,bigornando
94397603,1125,True,134,False,1029,legiao_xbox_br
38288375,2135,False,2678,False,1417,chiconance
26782548,2494,True,104818,False,1333,infusedpt
146512954,616,False,1146,False,1446,1446
62041494,1623,True,10899,False,1619,wordgamelive
29818473,2341,True,2297,False,1723,rfunari
30161186,2357,True,211042,False,1089,big_bola
61906271,1510,False,185772,False,1594,danilogarciajoker
117262628,957,False,3138,False,818,diagon83
182710865,324,True,8772,False,263,burubra
65279869,1561,False,1743,False,1537,willianbox
57497395,1693,False,238276,True,870,zzan7
156855614,497,False,2595,False,1576,mestredk_
71369841,1484,True,3889,False,520,dunof
87651081,1283,False,4023,False,348,imperador_schnitzel
61301729,1636,False,9381,False,886,tugabr
75562316,1421,False,18582,False,1298,douguras
53431173,1759,True,140602,True,1354,gustavobocardi
106777042,1058,False,1064,False,1171,planogeek
25736476,2541,True,30236,False,1755,sefirofe
70060714,1498,True,13504,False,1257,0verdose
15256652,2954,False,18320,False,1457,twistersen
133491327,773,True,3189,False,1238,nuubmaster_
177381054,363,True,1825,False,1766,arielapvqz
58815035,1660,False,2999,False,1735,mac_allmst
102346837,1122,False,18534438,True,45,pimpimenta
51786703,1789,False,612099,True,460,g0ularte
40721144,2055,False,22355,False,1791,oculos_nerd
31947673,2288,False,2129,False,1363,jojonny
48902165,1847,True,19019,False,11,penper0ni_
26461252,2509,False,2076169,True,1147,funkyblackcat
170817044,417,False,8133,False,718,buxudogamer
57868905,1649,True,4580,False,1729,vitaminatv
185970967,295,True,585,False,123,felipesteniogo
150955207,572,False,77408,False,564,felipe_faleki
36830116,2192,True,758075,True,1240,jogabilidade
56295823,1709,True,37817,False,1115,edidogameplay
145213349,628,True,51366,False,933,tkgtv1
124829189,865,False,488,False,1674,christyanca
58808864,1665,False,1596,False,1518,lyeuls
37109649,2180,False,10760,False,1871,bozlucas
165979679,448,False,282198,True,725,totoro
31741396,2295,True,1796373,True,689,dynorox
92791262,1224,False,3968,False,213,qdn_joefranco
42582994,2003,True,60988,True,92,defenestrandojogos
92143437,1233,False,17506,False,1831,cavaleirosquedizemni
117725614,952,False,2112849,True,1157,majowww
75723151,1420,True,339854,True,176,skilo
108750601,1042,True,2147,False,847,unstoppabl0
84604186,1314,True,16335,False,598,vairoleplayers
27255690,2464,False,1736,False,412,scmfury
164455025,434,False,512,False,276,arielmmomo
79797326,1367,True,2906,False,1459,schindller
46941162,1895,True,3012,False,462,zatt
63655936,1561,False,345,False,1,sdnoob37brrs
53926176,1724,False,198,False,1088,andretelbr
146733303,617,False,4071,False,1074,aleezzz
27834753,2448,True,1329099,True,1078,bogustv
216492272,169,False,3168,False,1071,horsemendes86
91481235,1242,True,1400,False,535,eddygontierx
159590863,490,False,9752,False,1169,zdcorelive
39810504,2082,True,55810,False,681,novisckeira
130608140,807,False,20714,False,1009,kennosv
137230353,726,True,8770,False,989,ayaharu
28907219,2405,False,3533,False,1072,carlitomaxx
141219303,675,False,43456,False,697,nog0x7cd
189583866,277,True,4811,False,228,kristiiee
96683099,1173,False,2154,False,506,juhggernaut
32454983,2269,True,31699,False,1109,kalzus
155762781,520,True,2532,False,50,efta_gustavo
63971581,1585,False,60462,False,115,shogunhyun
177327129,366,False,13306,False,1432,furiosob
52269500,1777,False,2443,False,1233,dersimggs
12639012,3068,False,2537,False,326,falkiner
44822534,1943,False,3143,False,28,celticbr
53112774,1760,False,771,False,1891,huedits
59802154,1659,False,35076,False,246,246
59593070,1663,True,11646,False,1039,patripopes
175827260,353,False,412,False,1103,rivikagaming
68712849,1523,True,6879,False,1124,xenofonte
36208929,2199,True,3870,False,699,atropelado
35856620,2233,False,563412,True,109,capjoga
106353597,1066,False,130221,True,769,jao_icaru
58115154,1684,False,698715,True,504,mount
126471631,853,False,8537,False,1649,paulo_kawa
